# NEX5 deploy/restart ledger. Append-only, versioned in the repo.
# journalctl --user is retention-bounded and rolls forward; this survives it.
# Backfilled 2026-08-08 from the journal window then available.
ts_utc	event	commit_sha	service_pid	note
2026-07-17T03:59:49+02:00	keepalive_start			
2026-07-17T03:59:53+02:00	nex_launched			165676
2026-07-17T04:00:08+02:00	nex_confirmed_up			
2026-07-17T10:50:16+02:00	keepalive_stop			
2026-07-17T10:50:37+02:00	keepalive_start			
2026-07-17T10:50:41+02:00	nex_launched			346170
2026-07-17T10:50:56+02:00	nex_confirmed_up			
2026-07-17T11:04:27+02:00	keepalive_stop			
2026-07-17T11:04:43+02:00	keepalive_start			
2026-07-17T11:04:47+02:00	nex_launched			361474
2026-07-17T11:05:02+02:00	nex_confirmed_up			
2026-07-17T15:28:25+02:00	keepalive_stop			
2026-07-17T15:28:41+02:00	keepalive_start			
2026-07-17T15:28:45+02:00	nex_launched			463856
2026-07-17T15:29:00+02:00	nex_confirmed_up			
	machine_boot			d18a91f817b2
2026-07-18T05:09:03+02:00	keepalive_start			
2026-07-18T05:09:07+02:00	nex_launched			1805
2026-07-18T05:09:22+02:00	warn_slow_boot			
2026-07-18T05:09:53+02:00	respawn			1
2026-07-18T05:10:12+02:00	respawn			1
2026-07-18T05:10:42+02:00	respawn			2
2026-07-18T05:11:02+02:00	respawn			2
2026-07-18T05:11:32+02:00	respawn			3
2026-07-18T05:11:51+02:00	respawn			3
	machine_boot			816a3e1bfbec
2026-07-18T11:19:32+02:00	keepalive_start			
2026-07-18T11:19:36+02:00	nex_launched			1974
2026-07-18T11:19:51+02:00	warn_slow_boot			
2026-07-18T16:04:20+02:00	respawn			1
2026-07-18T16:04:39+02:00	respawn			1
	machine_boot			25c7fe5d83e3
2026-07-18T19:39:26+02:00	keepalive_start			
2026-07-18T19:39:30+02:00	nex_launched			1729
2026-07-18T19:39:45+02:00	warn_slow_boot			
2026-07-19T07:46:31+02:00	keepalive_stop			
2026-07-19T07:47:08+02:00	keepalive_start			
2026-07-19T07:47:12+02:00	nex_launched			249782
2026-07-19T07:47:27+02:00	nex_confirmed_up			
2026-07-19T17:02:29+02:00	keepalive_stop			
2026-07-19T17:02:51+02:00	keepalive_start			
2026-07-19T17:02:55+02:00	nex_launched			452967
2026-07-19T17:03:10+02:00	nex_confirmed_up			
	machine_boot			7c3449a585e1
2026-07-19T21:42:20+02:00	keepalive_start			
2026-07-19T21:42:24+02:00	nex_launched			1936
2026-07-19T21:42:39+02:00	warn_slow_boot			
	machine_boot			f54b65686430
2026-07-20T03:47:03+02:00	keepalive_start			
2026-07-20T03:47:07+02:00	nex_launched			1939
2026-07-20T03:47:23+02:00	warn_slow_boot			
	machine_boot			e7e90dd5c2cc
2026-07-20T10:53:57+02:00	keepalive_start			
2026-07-20T10:54:01+02:00	nex_launched			2449
2026-07-20T10:54:16+02:00	warn_slow_boot			
2026-07-20T15:16:33+02:00	keepalive_stop			
	machine_boot			f4e71a92aef4
2026-07-20T16:06:46+02:00	keepalive_start			
2026-07-20T16:06:50+02:00	nex_launched			2403
2026-07-20T16:07:05+02:00	warn_slow_boot			
	machine_boot			17d74b2eb321
2026-07-20T19:22:47+02:00	keepalive_start			
2026-07-20T19:22:51+02:00	nex_launched			2499
2026-07-20T19:23:06+02:00	warn_slow_boot			
2026-07-20T19:23:36+02:00	respawn			1
2026-07-20T19:23:55+02:00	respawn			1
	machine_boot			b3155b31b904
2026-07-21T04:06:16+02:00	keepalive_start			
2026-07-21T04:06:20+02:00	nex_launched			1924
2026-07-21T04:06:35+02:00	warn_slow_boot			
2026-07-21T04:07:05+02:00	respawn			1
2026-07-21T04:07:24+02:00	respawn			1
	machine_boot			ed8d62e5bd6c
2026-07-21T09:19:06+02:00	keepalive_start			
2026-07-21T09:19:10+02:00	nex_launched			1940
2026-07-21T09:19:25+02:00	warn_slow_boot			
	machine_boot			ad16eb1a0285
2026-07-21T09:44:02+02:00	keepalive_start			
2026-07-21T09:44:06+02:00	nex_launched			1918
2026-07-21T09:44:21+02:00	warn_slow_boot			
2026-07-21T09:51:13+02:00	keepalive_stop			
	machine_boot			a466b22deffc
2026-07-21T09:51:52+02:00	keepalive_start			
2026-07-21T09:51:56+02:00	nex_launched			2359
2026-07-21T09:52:11+02:00	warn_slow_boot			
	machine_boot			255fba4a4474
2026-07-22T08:06:31+02:00	keepalive_start			
2026-07-22T08:06:35+02:00	nex_launched			1764
2026-07-22T08:06:50+02:00	warn_slow_boot			
2026-07-22T08:07:20+02:00	respawn			1
2026-07-22T08:07:39+02:00	respawn			1
2026-07-22T09:59:54+02:00	keepalive_stop			
2026-07-22T10:00:38+02:00	keepalive_start			
2026-07-22T10:00:42+02:00	nex_launched			73187
2026-07-22T10:00:58+02:00	nex_confirmed_up			
2026-07-22T10:24:00+02:00	keepalive_stop			
2026-07-22T10:24:01+02:00	keepalive_start			
2026-07-22T10:24:05+02:00	nex_launched			82548
2026-07-22T10:24:21+02:00	nex_confirmed_up			
2026-07-22T10:25:18+02:00	keepalive_stop			
2026-07-22T10:25:19+02:00	keepalive_start			
2026-07-22T10:25:23+02:00	nex_launched			87392
2026-07-22T10:25:38+02:00	nex_confirmed_up			
2026-07-22T10:34:27+02:00	keepalive_stop			
2026-07-22T10:34:28+02:00	keepalive_start			
2026-07-22T10:34:32+02:00	nex_launched			101377
2026-07-22T10:34:47+02:00	nex_confirmed_up			
2026-07-22T12:14:09+02:00	keepalive_stop			
2026-07-22T12:14:10+02:00	keepalive_start			
2026-07-22T12:14:14+02:00	nex_launched			147059
2026-07-22T12:14:29+02:00	nex_confirmed_up			
2026-07-22T12:55:13+02:00	keepalive_stop			
2026-07-22T12:55:14+02:00	keepalive_start			
2026-07-22T12:55:18+02:00	nex_launched			169957
2026-07-22T12:55:34+02:00	nex_confirmed_up			
	machine_boot			029b5ab5ae53
2026-07-23T06:55:06+02:00	keepalive_start			
2026-07-23T06:55:10+02:00	nex_launched			1628
2026-07-23T06:55:25+02:00	warn_slow_boot			
2026-07-23T11:08:17+02:00	keepalive_stop			
2026-07-23T11:08:18+02:00	keepalive_start			
2026-07-23T11:08:22+02:00	nex_launched			88999
2026-07-23T11:08:37+02:00	nex_confirmed_up			
	machine_boot			aa68e81baa26
2026-07-23T18:22:31+02:00	keepalive_start			
2026-07-23T18:22:35+02:00	nex_launched			2416
2026-07-23T18:23:01+02:00	warn_slow_boot			
	machine_boot			4cdc6e34273a
2026-07-24T07:09:12+02:00	keepalive_start			
2026-07-24T07:09:16+02:00	nex_launched			1918
2026-07-24T07:09:41+02:00	warn_slow_boot			
2026-07-24T12:48:25+02:00	respawn			1
2026-07-24T12:48:44+02:00	respawn			1
	machine_boot			3d7cab89adcc
2026-07-24T14:47:56+02:00	keepalive_start			
2026-07-24T14:48:00+02:00	nex_launched			1624
2026-07-24T14:48:25+02:00	warn_slow_boot			
2026-07-24T17:56:04+02:00	keepalive_stop			
2026-07-24T17:56:05+02:00	keepalive_start			
2026-07-24T17:56:09+02:00	nex_launched			87376
2026-07-24T17:56:34+02:00	nex_confirmed_up			
2026-07-24T18:33:39+02:00	respawn			1
2026-07-24T18:33:58+02:00	respawn			1
2026-07-24T18:34:28+02:00	respawn			2
2026-07-24T18:34:47+02:00	respawn			2
2026-07-24T18:35:17+02:00	respawn			3
2026-07-24T18:35:36+02:00	respawn			3
2026-07-24T18:36:06+02:00	respawn			4
2026-07-24T18:36:25+02:00	respawn			4
2026-07-24T18:36:55+02:00	respawn			5
2026-07-24T18:37:14+02:00	respawn			5
2026-07-24T18:37:44+02:00	respawn			6
2026-07-24T18:37:52+02:00	keepalive_stop			
2026-07-24T18:37:52+02:00	keepalive_start			
2026-07-24T18:37:57+02:00	nex_launched			104014
2026-07-24T18:38:22+02:00	warn_slow_boot			
2026-07-24T18:38:52+02:00	respawn			1
2026-07-24T18:39:11+02:00	respawn			1
2026-07-24T18:39:41+02:00	respawn			2
2026-07-24T18:40:00+02:00	respawn			2
2026-07-24T18:40:30+02:00	respawn			3
2026-07-24T18:40:49+02:00	respawn			3
2026-07-24T18:41:19+02:00	respawn			4
2026-07-24T18:41:38+02:00	respawn			4
2026-07-24T18:42:08+02:00	respawn			5
2026-07-24T18:42:27+02:00	respawn			5
2026-07-24T18:42:57+02:00	respawn			6
2026-07-24T18:43:16+02:00	respawn			6
2026-07-24T18:43:46+02:00	respawn			7
2026-07-24T18:44:05+02:00	respawn			7
2026-07-24T18:44:35+02:00	respawn			8
2026-07-24T18:44:54+02:00	respawn			8
2026-07-24T18:45:24+02:00	respawn			9
2026-07-24T18:45:43+02:00	respawn			9
2026-07-24T18:46:13+02:00	respawn			10
2026-07-24T18:46:32+02:00	respawn			10
2026-07-24T18:47:02+02:00	respawn			11
2026-07-24T18:47:21+02:00	respawn			11
2026-07-24T18:47:51+02:00	respawn			12
2026-07-24T18:48:10+02:00	respawn			12
2026-07-24T18:48:38+02:00	keepalive_stop			
2026-07-24T18:48:38+02:00	keepalive_start			
2026-07-24T18:48:42+02:00	nex_launched			106620
2026-07-24T18:49:07+02:00	warn_slow_boot			
2026-07-24T18:49:37+02:00	respawn			1
2026-07-24T18:49:56+02:00	respawn			1
2026-07-24T18:50:26+02:00	respawn			2
2026-07-24T18:50:45+02:00	respawn			2
2026-07-24T18:51:15+02:00	respawn			3
2026-07-24T18:51:34+02:00	respawn			3
2026-07-24T18:52:04+02:00	respawn			4
2026-07-24T18:52:23+02:00	respawn			4
2026-07-24T18:52:53+02:00	respawn			5
2026-07-24T18:53:12+02:00	respawn			5
2026-07-24T18:53:42+02:00	respawn			6
2026-07-24T18:54:01+02:00	respawn			6
2026-07-24T18:54:31+02:00	respawn			7
2026-07-24T18:54:51+02:00	respawn			7
2026-07-24T18:55:21+02:00	respawn			8
2026-07-24T18:55:40+02:00	respawn			8
2026-07-24T19:00:10+02:00	respawn			9
2026-07-24T19:00:29+02:00	respawn			9
	machine_boot			e826baee82eb
2026-07-24T21:21:39+02:00	keepalive_start			
2026-07-24T21:21:43+02:00	nex_launched			2227
2026-07-24T21:22:08+02:00	nex_confirmed_up			
	machine_boot			4d45bd9ac402
2026-07-25T04:59:20+02:00	keepalive_start			
2026-07-25T04:59:24+02:00	nex_launched			2008
2026-07-25T04:59:49+02:00	nex_confirmed_up			
2026-07-25T14:58:22+02:00	keepalive_stop			
2026-07-25T14:58:23+02:00	keepalive_start			
2026-07-25T14:58:27+02:00	nex_launched			201258
2026-07-25T14:58:52+02:00	nex_confirmed_up			
2026-07-25T15:41:02+02:00	keepalive_stop			
2026-07-25T15:41:03+02:00	keepalive_start			
2026-07-25T15:41:07+02:00	nex_launched			228387
2026-07-25T15:41:32+02:00	nex_confirmed_up			
2026-07-25T15:51:57+02:00	keepalive_stop			
2026-07-25T15:51:58+02:00	keepalive_start			
2026-07-25T15:52:02+02:00	nex_launched			256166
2026-07-25T15:52:27+02:00	nex_confirmed_up			
2026-07-25T16:34:55+02:00	keepalive_stop			
2026-07-25T16:34:56+02:00	keepalive_start			
2026-07-25T16:35:00+02:00	nex_launched			281736
2026-07-25T16:35:25+02:00	nex_confirmed_up			
2026-07-25T22:39:25+02:00	keepalive_stop			
2026-07-25T22:39:26+02:00	keepalive_start			
2026-07-25T22:39:30+02:00	nex_launched			420810
2026-07-25T22:39:55+02:00	nex_confirmed_up			
2026-07-26T00:52:46+02:00	keepalive_stop			
2026-07-26T00:52:47+02:00	keepalive_start			
2026-07-26T00:52:51+02:00	nex_launched			471417
2026-07-26T00:53:16+02:00	nex_confirmed_up			
2026-07-26T10:31:45+02:00	keepalive_stop			
2026-07-26T10:31:46+02:00	keepalive_start			
2026-07-26T10:31:50+02:00	nex_launched			642658
2026-07-26T10:32:15+02:00	nex_confirmed_up			
2026-07-26T11:35:06+02:00	keepalive_stop			
2026-07-26T11:35:07+02:00	keepalive_start			
2026-07-26T11:35:11+02:00	nex_launched			691878
2026-07-26T11:35:36+02:00	nex_confirmed_up			
2026-07-26T11:41:13+02:00	keepalive_stop			
2026-07-26T11:41:14+02:00	keepalive_start			
2026-07-26T11:41:18+02:00	nex_launched			704722
2026-07-26T11:41:43+02:00	nex_confirmed_up			
2026-07-26T13:46:04+02:00	keepalive_stop			
2026-07-26T13:46:05+02:00	keepalive_start			
2026-07-26T13:46:09+02:00	nex_launched			750632
2026-07-26T13:46:34+02:00	nex_confirmed_up			
2026-07-26T15:20:48+02:00	keepalive_stop			
2026-07-26T15:20:49+02:00	keepalive_start			
2026-07-26T15:20:53+02:00	nex_launched			782358
2026-07-26T15:21:18+02:00	nex_confirmed_up			
2026-07-26T18:25:05+02:00	keepalive_stop			
2026-07-26T18:25:06+02:00	keepalive_start			
2026-07-26T18:25:10+02:00	nex_launched			848428
2026-07-26T18:25:35+02:00	nex_confirmed_up			
2026-07-27T05:27:23+02:00	keepalive_stop			
2026-07-27T05:27:24+02:00	keepalive_start			
2026-07-27T05:27:28+02:00	nex_launched			1055050
2026-07-27T05:27:53+02:00	nex_confirmed_up			
2026-07-27T10:15:47+02:00	keepalive_stop			
2026-07-27T10:15:48+02:00	keepalive_start			
2026-07-27T10:15:52+02:00	nex_launched			1156652
2026-07-27T10:16:17+02:00	nex_confirmed_up			
2026-07-29T16:31:14+02:00	keepalive_stop			
	machine_boot			926b4e86ed0a
2026-07-29T16:31:44+02:00	keepalive_start			
2026-07-29T16:31:48+02:00	nex_launched			2330
2026-07-29T16:32:13+02:00	warn_slow_boot			
2026-07-30T06:33:58+02:00	respawn			1
2026-07-30T06:34:17+02:00	respawn			1
	machine_boot			db9fa825a044
2026-07-30T11:53:35+02:00	keepalive_start			
2026-07-30T11:53:39+02:00	nex_launched			1643
2026-07-30T11:54:04+02:00	warn_slow_boot			
2026-07-30T11:54:34+02:00	respawn			1
2026-07-30T11:54:53+02:00	respawn			1
2026-07-30T11:55:23+02:00	respawn			2
2026-07-30T11:55:42+02:00	respawn			2
2026-07-30T12:09:44+02:00	keepalive_stop			
	machine_boot			2ff1d564800d
2026-07-30T12:10:35+02:00	keepalive_start			
2026-07-30T12:10:39+02:00	nex_launched			2366
2026-07-30T12:11:04+02:00	warn_slow_boot			
2026-07-30T12:22:20+02:00	keepalive_stop			
	machine_boot			93d6515b60d2
2026-07-30T12:23:00+02:00	keepalive_start			
2026-07-30T12:23:04+02:00	nex_launched			2350
2026-07-30T12:23:29+02:00	warn_slow_boot			
2026-07-30T12:27:22+02:00	keepalive_stop			
	machine_boot			070f3859fbca
2026-07-30T12:28:01+02:00	keepalive_start			
2026-07-30T12:28:05+02:00	nex_launched			2370
2026-07-30T12:28:30+02:00	warn_slow_boot			
2026-07-30T12:31:31+02:00	keepalive_stop			
	machine_boot			7887e8fb7bdc
2026-07-30T12:32:10+02:00	keepalive_start			
2026-07-30T12:32:14+02:00	nex_launched			2379
2026-07-30T12:32:39+02:00	warn_slow_boot			
	machine_boot			9d6f0a6ee4b7
2026-07-30T12:37:53+02:00	keepalive_start			
2026-07-30T12:37:57+02:00	nex_launched			2362
2026-07-30T12:38:23+02:00	warn_slow_boot			
	machine_boot			b8fb04c5bcf6
2026-07-30T12:48:22+02:00	keepalive_start			
2026-07-30T12:48:26+02:00	nex_launched			2434
2026-07-30T12:48:51+02:00	warn_slow_boot			
	machine_boot			19e29e99fd0c
2026-07-30T13:14:15+02:00	keepalive_start			
2026-07-30T13:14:19+02:00	nex_launched			2445
2026-07-30T13:14:44+02:00	warn_slow_boot			
2026-07-30T13:24:58+02:00	keepalive_stop			
	machine_boot			eefde83ab2e2
2026-07-30T13:25:38+02:00	keepalive_start			
2026-07-30T13:25:42+02:00	nex_launched			2396
2026-07-30T13:26:07+02:00	warn_slow_boot			
	machine_boot			2cba82db990a
2026-07-30T13:33:44+02:00	keepalive_start			
2026-07-30T13:33:48+02:00	nex_launched			2316
2026-07-30T13:34:14+02:00	warn_slow_boot			
2026-07-30T13:55:07+02:00	keepalive_stop			
	machine_boot			ac2d7a0cf8c8
2026-07-30T13:55:46+02:00	keepalive_start			
2026-07-30T13:55:50+02:00	nex_launched			2400
2026-07-30T13:56:15+02:00	warn_slow_boot			
2026-07-30T14:01:07+02:00	keepalive_stop			
	machine_boot			e01d0287cba3
2026-07-30T14:01:46+02:00	keepalive_start			
2026-07-30T14:01:50+02:00	nex_launched			2332
2026-07-30T14:02:15+02:00	warn_slow_boot			
2026-08-02T14:21:48+02:00	keepalive_stop			
2026-08-02T14:21:49+02:00	keepalive_start			
2026-08-02T14:21:53+02:00	nex_launched			1716267
2026-08-02T14:22:18+02:00	nex_confirmed_up			
	machine_boot			87c1561ddc9b
2026-08-02T23:22:10+02:00	keepalive_start			
2026-08-02T23:22:14+02:00	nex_launched			1972
2026-08-02T23:22:39+02:00	nex_confirmed_up			
2026-08-03T08:28:34+02:00	keepalive_stop			
2026-08-03T08:28:35+02:00	keepalive_start			
2026-08-03T08:28:39+02:00	nex_launched			159630
2026-08-03T08:29:04+02:00	nex_confirmed_up			
2026-08-03T16:02:30+02:00	keepalive_stop			
2026-08-03T16:02:31+02:00	keepalive_start			
2026-08-03T16:02:35+02:00	nex_launched			314234
2026-08-03T16:03:00+02:00	nex_confirmed_up			
2026-08-03T17:58:36+02:00	keepalive_stop			
2026-08-03T17:58:37+02:00	keepalive_start			
2026-08-03T17:58:41+02:00	nex_launched			348151
2026-08-03T17:59:06+02:00	nex_confirmed_up			
2026-08-03T18:30:02+02:00	keepalive_stop			
2026-08-03T18:30:03+02:00	keepalive_start			
2026-08-03T18:30:08+02:00	nex_launched			362582
2026-08-03T18:30:33+02:00	nex_confirmed_up			
	machine_boot			d01a946c927c
2026-08-04T12:19:56+02:00	keepalive_start			
2026-08-04T12:20:00+02:00	nex_launched			1899
2026-08-04T12:20:25+02:00	warn_slow_boot			
	machine_boot			2f2ab34cc6e2
2026-08-04T15:17:06+02:00	keepalive_start			
2026-08-04T15:17:11+02:00	nex_launched			1881
2026-08-04T15:17:36+02:00	nex_confirmed_up			
2026-08-06T09:16:24+02:00	keepalive_stop			
	machine_boot			5461c6de6655
2026-08-06T09:17:04+02:00	keepalive_start			
2026-08-06T09:17:08+02:00	nex_launched			2242
2026-08-06T09:17:33+02:00	warn_slow_boot			
	machine_boot			cffe167cbbb6
2026-08-07T16:19:15+02:00	keepalive_start			
2026-08-07T16:19:19+02:00	nex_launched			1719
2026-08-07T16:19:44+02:00	warn_slow_boot			
2026-08-07T18:10:54+02:00	keepalive_stop			
2026-08-07T18:10:55+02:00	keepalive_start			
2026-08-07T18:10:59+02:00	nex_launched			42738
2026-08-07T18:11:24+02:00	nex_confirmed_up			
2026-08-08T10:42:40+02:00	keepalive_stop			
2026-08-08T10:44:38+02:00	keepalive_start			
2026-08-08T10:44:42+02:00	nex_launched			346816
2026-08-08T10:45:08+02:00	nex_confirmed_up			
2026-08-08T16:36:48+0000	keepalive_start	b64fc27	491781	auto
2026-08-08T17:04:38+0000	keepalive_start	5894b2f	499690	auto
2026-08-09T04:00:10+0000	code_staged_inactive	2fc1fc0		R40 errors.py error-ring; NO restart, inert until next process start (C2 window open until 2026-08-10T16:36:43Z)
2026-08-09T20:29:48+0000	keepalive_start	01c2ff6	1938	auto
2026-08-09T20:29:48+0000	code_activated	2fc1fc0	1938	R40 errors.py error-ring ACTIVATED by this start (unplanned machine boot, not a deploy); staged 2026-08-09T04:00:10Z. Fire path byte-identical -- observability only. Recorded retroactively in R47.
2026-08-10T18:20:26+0000	read_only	01c2ff6	1938	R47 C2 48h read at T+49.73h. Hypothesis FALSIFIED (eng-fail 0.455 vs falsifier >0.35); revert trigger NOT tripped (on-subject 0.785). C2 KEPT, no revert, no restart.
2026-08-11T10:05:00+0000	code_staged_inactive			R53 retrieval.py BeliefRetriever pool (tier ASC->confidence DESC, LIMIT 500->20000). CHAT PATH ONLY; module is lazily imported so this is inert until the next process start. NO restart performed. Fountain fire path untouched.
2026-08-11T23:37:57+0000	keepalive_start	b1ce48f	1729548	auto
2026-08-11T23:37:57+0000	code_activated	b1ce48f	1729548	R56: this start ACTIVATES R53 retrieval.py BeliefRetriever pool fix (CHAT PATH only; staged 2026-08-11T10:05:00Z). Full activation audit in r56.md A: it is the ONLY change with runtime effect. register_exclusion v2, feature_baseline_clean.json and replay_retrieval.py have no runtime reader. FIRE PATH BYTE-IDENTICAL across this restart (generator.py/crystallizer.py/competing_drives.py untouched since before pid 1938) -- pre/post fire series remain comparable.
2026-08-11T19:52:56+0000	fountain_stopped	b1ce48f	1938	R56: deliberate stop for the decisive offline replay (Jon authorised). systemctl --user stop nex5-keepalive. Downtime 3.75h. Pre-stop fire rate 23.0/h (fully recovered from R55).
2026-08-12T00:08:03+0000	keepalive_start	2e7157e	1744120	auto
2026-08-12T00:08:03+0000	code_activated	2e7157e	1744120	R57: _TOO_LONG_ON_SUBJECT 600->750 in crystallizer.py. FIRE PATH. This restart carries ONLY this one constant -- R53 pool fix already live from the R56 restart, nothing else staged (audit in r56.md A). Pre-registered: crystallization 84.1/day -> predicted 99.8/day. REVERT TRIPWIRES: volume >200/day (R29 ceiling), or crystallized EXPLAIN on-subject fidelity <0.95. Revert = git revert 2e7157e.
2026-08-14T13:36:21+0000	keepalive_start	2e7157e	1657	auto
2026-08-14T22:45:00+0000	read_only	2e7157e	1657	R58 read at T+70.6h (not 24h; R57 landed 08-12). R57 KEPT, no revert, no restart. Both tripwires held: fidelity min rolling-50 = 1.0000 (floor 0.95) but VACUOUS -- content==thought 46/46, tripwire re-applies the same _is_on_subject that admitted the row; volume 82.0/day vs 200/day ceiling. PRIMARY MISSED: net crystallization 82.0/day vs predicted 99.8/day (+0.1/day, not +18.6%). Mechanism DID work: band 601-750 went 0 cryst in 8 pre-days -> 34 in 2.9 post-days (+12.0/day, 76% of prediction). Gain absorbed downstream by groove.py cooldown (rejects 16.5->47.0/day, +5.21 sd, only reason outside +/-2sd) -- closed-loop volume regulator. Pre-existing trend confirmed: cooldown/groove_alerts step at 08-04 = R29, decaying post-R57 (54->40->32). KEPT on composition grounds: band fidelity share 0.709 vs 0.650 baseline. Relevance retrieval NOT re-queued.
2026-08-14T23:05:00+0000	read_only	78d6a25	1657	R59 overlap measurement, report only, nothing written/refit. Kill condition pre-registered in a SEPARATE prior commit (78d6a25) before any number computed. VERDICT: TWO PROBLEMS -- overlap 17-18% vs <30% floor, frequency-matched enrichment 1.01-1.05x vs 2.0x bar, Fisher p=1.0; power floor PASSED (|G_content|=82>=20, |S|=30>=10) so this is a real null. Groove is 75.6% topical (its job); register staleness is a high-DF problem -- opposite ends of the frequency spectrum. INCIDENTAL/URGENT: maxDF* reads 30.0% RIGHT NOW, over its 25% threshold, driven by 'item' 15/50 -- all five drivers are staleness misses, so it is a FALSE BREACH, and R52 SsD wired it as a revert tripwire. Register list is ~75% stale (only 10/38 terms still in a live top-40; 30 live top-40 terms unexcluded), not the 2-token defect R50/R53 documented. Refit still blocked on 477/1000 clean docs, ETA ~2026-08-21. Post-hoc (NOT used to change the verdict): 86.6% of the 127 cooldown BLOCK EVENTS trace to ~5 scaffolding fragments.
2026-08-14T23:40:00+0000	read_only	2fc6eb2	1657	R60 maxDF* exposure audit, report only, nothing written/refit/edited. Threshold pre-registered in a SEPARATE prior commit (2fc6eb2). VERDICT: LOCALISED, not corpus-wide. |A_flip|=1 (R36) extended rule, 0 literal rule; corpus-wide bar was >=3, so verdict robust either way. |A|=3 load-bearing rounds (R36, R49, R50), under the >=5 undetermined clause. Coverage 24/24 reports, 0 undetermined. ASYMMETRY CONFIRMED: all 10 still-live list terms are genuine register, none topical, so the false-negative channel is CLOSED and correction moves readings DOWN only -- every below-threshold no-breach conclusion was conservative. MAGNITUDE newly quantified: maxDF* 30.0% (breach, 'item') on the current list vs 16.0% (no breach, 'unfolding') with the 30 staleness misses excluded = 14.0 points of inflation; R50/R52/R53's "1-7 points of headroom" is an artefact, real corrected headroom ~9 points. R52 SsD's tripwire (breach 25% -> revert) reads 30.0% today: had R54 shipped it would have forced a FALSE REVERT; R53's gate prevented it. ACTIONS: re-read R36 SsC3 only, after the refit; do not consult maxDF* before it; re-derive GENIUS_FIDELITY_BASELINE Ss5 backtest quantiles WITH the refit or the metric trades false positives for false negatives.
2026-08-15T00:15:00+0000	read_only	3b6825a	1657	R61 report only, nothing written; GENIUS_FIDELITY_BASELINE.md and register_exclusion.json UNTOUCHED. Method pre-registered in a SEPARATE prior commit (3b6825a). ITEM 1 replacement maxDF* baseline, fitted on clean post-R29 (fountain_insight >= 2026-08-09, n=481, 432 rolling windows): median 16% (was 12), p90 20% (was 18), p99 22% (UNCHANGED), max 24%, proposed threshold 24% per the committed rule (R31-consistent alternative 25%; both give 0/432 breaches and both still catch a societal-scale 26-34% event). Live reading under the provisional refit: 16% driven by 'based', vs 30% 'item' on the shipped list. Regime check cleared FIRST: R57 moved doc length only +1.9 content tokens (+6.9%, 0.10 sd) vs R29's +189%, so pooling is safe. PROVISIONAL: n=481 is 48% of the 1000 floor. KEY: term retention already clears R31's 33/40 bar at n~240 (34-39/40) but QUANTILES do not (disjoint first-half fit gives p99 26%), so the 1000-doc floor gates the quantiles, not the list -- a distinction never drawn before. Corrects R60: p99 is unchanged, so the hazard is confined to the median/p90 comparison band, not the alarm ceiling. ITEM 2 citation-chain sweep, 55 candidate lines enumerated: VERDICT EMERGING PATTERN -- 3 additional qualifying chains (2 if self-citation discounted; both in the 2-3 band). A: the ~1000-doc floor itself (R50 -> R51/R53/R58/R59/R60, six rounds, never re-measured, gated the refit ~10 days). B: 99.97% F2 variance (R39 -> R40/R50). C: 9.6->27.7 tokens/doc (R50 -> R59/R60; re-measured here at 27.6, held). NOT systemic -- three other chains WERE refreshed (78/day -> 64.7 -> 79.5; 99.3% edges -> 99.36%; 61.7% tier-6 -> corrected). Failure mode is treating a DERIVED STATISTICAL PROPERTY as a constant; rates and counts self-correct.
2026-08-15T00:50:00+0000	read_only	985b250	1657	R62 report only, nothing written; register_exclusion.json, GENIUS_FIDELITY_BASELINE.md, corpus_convergence.py all UNTOUCHED. Criterion pre-registered in a SEPARATE prior commit (985b250). VERDICT: NO SHIP. PRIMARY FAILS -- half-vs-half retention (two disjoint halves each fitted independently, compared to each other) min 27/40, best 32/40, bar 33/40; not one of 7 splits clears. This OVERTURNS R61: its 34-39/40 was measured fit-vs-full-corpus where resamples share docs with the reference; R61 flagged the limitation in a caveat then let the headline rest on it. The 1000-doc floor gates BOTH list and quantiles, not quantiles alone. Other three criteria PASS: isolation RE-VERIFIED from scratch (zero importers of corpus_convergence, zero readers of register_exclusion.json outside it, no cron, no systemd) -- R50's four-round-old claim still true; no automated value would move; reversible. So interim risk was never the blocker: post-refit readings mis-locate ~4 pts vs the old band but CANNOT false-breach (max 24% < 25%, 0/433 windows). NEW: the register is NOT STATIONARY -- time-ordered splits 24-27/40 vs random at matched n ~29-31; that gap is drift, not sampling noise, and more docs do not remove drift. Aug 21 clearing 33/40 is BORDERLINE, not assured (extrapolates to ~31-33). R57 is NOT a vocabulary regime break (26/40 across it, vs 24/40 within-regime time splits) so DO NOT restrict the fit to post-R57 -- that would push the floor to ~08-23 for no benefit; ~08-21 stands. R49's spurious-breach mode tested and does NOT reproduce: all 26 dropped v2 terms sit at DF <= 6.2% under a 7.3% floor ('news' 4.6%), and no dropped term is among the live drivers. REFIT ROUND: treat 08-21 as the earliest date to RE-RUN the 7-split gate, not as a ship date.
2026-08-15T01:20:00+0000	read_only	b419c39	1657	R63 report only, nothing written; register_exclusion.json, GENIUS_FIDELITY_BASELINE.md, corpus_convergence.py UNTOUCHED. Discriminator pre-registered in a SEPARATE prior commit (b419c39). VERDICT 1: TREND, not punctuated -- Spearman rho(R,lag) = -0.645 p~0 over 120 disjoint pairs, retention decays smoothly 24.0/21.3/20.1 by lag bucket; best single change-point buys only dR2 = +0.085 vs a 0.15 bar and lands 08-11 04:30, not aligned with R29/contamination-end/R57. Power floor PASSED (120 pairs >= 15, 96 lags >= 3). DRIFT RATE 1.75 of 40 terms lost per day of separation; slope does NOT shrink with window size (-1.40 at W=60, -1.68 at W=100, -2.31 at W=160). VERDICT 2: RED -- plain n=1000 NOT worth trying. Projected R(500) = 25.0/40 vs RED bar <33; drift penalty +5.5 to +6.1 vs RED bar >=5; both fire independently. STRUCTURAL REASON: at 81 docs/day every added document buys sample size AND costs elapsed time -- W 100->500 gains +10.4 to sampling and loses -7.5 to drift, nearly cancelling. To hit 33/40 by throughput needs ~271-411 docs/day vs actual 81 (3.3-5x), and R58 pinned volume at ~82/day. ALSO FAILS: decaying-weight fit (the pre-registration's own named remedy for TREND) ceilings at ~26.1/40 at optimal half-life 2.5d; smaller K is worse fractionally (57.8% at K=10 vs 65.6% at K=40); DF-threshold instead of rank cutoff does not beat it (Jaccard 0.483 vs 0.490) -- my musical-chairs hypothesis was wrong. WHAT WORKS: persistence filtering, terms in the top-40 of ALL k disjoint sub-windows -- survival 67.5% (k=1) / 82.6% (k=2) / 83.3% (k=3) / 92.3% (k=4) vs R31's 82.5% rate bar; trades list size 40/23/18/13 for stability. NOT a drop-in: smaller exclusion set raises readings, so list+quantiles+threshold must be derived together. NEXT IS A DESIGN ROUND, NOT A WAIT.
2026-08-15T01:55:00+0000	read_only	78ccfe1	1657	R64 design round, report only, nothing written; register_exclusion.json, GENIUS_FIDELITY_BASELINE.md, corpus_convergence.py UNTOUCHED, no list recommended. Design pre-registered in a SEPARATE prior commit (78ccfe1) including an explicit failure clause and anti-tuning clause. VERDICT: PERSISTENCE FILTERING FAILS. Two of three pre-registered failure conditions fire at BOTH k, independently. (b) UNDER-EXCLUSION k=3 80.7%, k=4 91.1% vs a >=50% bar -- excluding the top-18 promotes term #19; 'systems' drives 110/192 held-out windows at k=3, 'engagement' 132 at k=4, same defect as today's 'item' at 30%. (c) SENSITIVITY -- the <=1% false-breach threshold lands at 28% (k=3) and 30% (k=4), both at/above the 26% floor set by the documented societal convergence, so the alarm would not have caught the one real convergence on record. (a) reading agreement PASSES at 2.00pp both -- and it is worthless: the lists agree because they are EQUALLY BLIND, both readings driven by the same unexcluded register token. My own pre-registered bar is necessary but NOT sufficient, found by running it. OVER-EXCLUSION was clean (no 'societal', 1-3 spike flags) exactly as predicted structurally, so the failure is entirely under-exclusion. ITEM 3 ANSWERED, third pre-registered outcome: term retention is the WRONG PROXY and is retired -- retention and reading agreement move in OPPOSITE directions (k=3 55.6%/2.00pp vs top-40 67.5%/4.00pp). Replacement criterion: reading agreement CONDITIONAL ON low under-exclusion; either alone is gameable by a degenerate list (a frozen list scores 0.00pp against itself by construction). BIGGEST FINDING, outranks the k question: under-exclusion does NOT fall with list size -- 27.6% at top-40, 39.6% at top-200, plateauing 25-40%, with 'nature'/'chill' still driving readings at 200 terms excluded. A list fitted on past documents cannot cover a register that drifts at 1.75 terms/day (R63). THE EXCLUSION-LIST APPROACH HAS NO BOTTOM; maxDF*'s core assumption of an enumerable stationary register is false post-R29. Anti-tuning clause HELD: tested k=3 and k=4 only, no others; the top-K sweep is a diagnostic, not a candidate. No replacement mechanism proposed -- design question reopens and any successor needs its own pre-registration.
2026-08-15T02:30:00+0000	read_only	6c11814	1657	R65 reopen round, report only, nothing written/deleted; register_exclusion.json, GENIUS_FIDELITY_BASELINE.md, corpus_convergence.py UNTOUCHED. Pre-registered in a SEPARATE prior commit (6c11814) with retirement on equal terms and a named condition that would block it. VERDICT: REPLACE -- retirement is OFF, and the blocking condition I fixed in advance is what fired. (b) DETECTION PASS: maxDF* CAUGHT the Gatwick convergence -- 42 breaching windows in-window driven by 'societal', peak 34% at 08-04 13:17. NOTE a self-correction: my first replay sampled daily at midnight and reported MISSED; the documented peak is at 13:17, between samples. Per-belief resolution (how the metric actually rolls) gives DETECTED. SPECIFICITY is the real defect: PRECISION 10.8%, 348 of 390 breaches false, every false one register (item 283, discusses 40, aligns 11, engagement 10) vs societal 42 true. (a) UTILITY: ZERO decisions changed -- R36 explained, R49 corroborated, R50 was maintenance of the metric itself, R46/R52 tripwires never evaluated. (c) REDUNDANCY: NOT covered -- groove_alerts ran 126.5/day BEFORE the contamination, 33.2/day DURING, 66.0/day after, i.e. it moved the wrong way; groove detects repeated phrasing, not subject convergence. REPLACEMENT VALIDATED, needs NO exclusion list: self-referencing excess = DF(t, current 50) - DF(t, trailing 200). Peak 30.5% on 'societal', the global maximum of the replay; precision 95.8% (23 of 24 in-window fires are the contaminant) vs maxDF*'s 10.8%; all five register tokens that false-breach today fall below the 25.0% threshold (item 21.5, aligns 19.5, engagement 19.5, systems 19.5, discusses 16.5). Drift cannot break it because the baseline drifts with the register by construction. KNOWN LIMITATION stated up front: a convergence slower than the trailing baseline is absorbed and invisible -- the design trades cannot-track-drift for cannot-see-slow-convergence. CALIBRATION CAVEAT: threshold set on p99 of out-of-window readings from ONE event, n=1; 95.8% is a feasibility signal, not a calibrated FPR. Other candidates NOT prioritised (drift-native subsumed; subject-level blind to R59 scaffolding). NEXT: design round for self-referencing excess with its own pre-registration fixing baseline length, threshold calibration, and the fate of the frozen list.
2026-08-15T03:05:00+0000	read_only	24b7078	1657	R66 design round for self-referencing excess, report only, nothing written/deleted; register_exclusion.json, GENIUS_FIDELITY_BASELINE.md, corpus_convergence.py UNTOUCHED. Pre-registered in a SEPARATE prior commit (24b7078) with a failure clause and an anti-tuning clause. VERDICT: CONDITIONAL PASS -- recommend B=200, theta=22%, W=50 held fixed; SHIPPING BLOCKED on condition (c) until ~2026-08-17. (a) PASS: clean-corpus FPR 0.00% over 253 windows at B=200, and Gatwick fires at 30.5% vs theta=22% inside the required 20% margin (0.8x30.5=24.4). (b) PASS: T_max = 193 beliefs (2.4 days) vs the pre-registered bar of 2x the Gatwick ramp = 146; Gatwick's ramp measured at 73 beliefs / 1.28 days, so 1.9x margin. HEADLINE BLIND-SPOT COST: at B=200/theta=22% a convergence ramping to 34% DF over more than 2.4 DAYS is invisible. (c) UNDETERMINED at B=200 (disjoint-half test needs ~700 clean docs, have 502) and FAILS at B=100 (26% vs 20%, 6pp against a 4pp bar). Not recorded as a pass. GRID OVER-REACHED, reported not hidden: B=800 not evaluable (0 windows), B=400 low power (53 windows, FPR resolution 1.9%), B=400 injection corpus-limited and invalid. Anti-tuning HELD -- did not add B=150/300 when 100 and 200 straddled the bars. B=100 fails TWO independent conditions, which is the evidence the clause has teeth. RULE-RECONSTRUCTION: the <=1% rule on maxDF*'s own current readings emits 44%, not its shipped 25% -- not a rule defect but an independent measure of 19 points of threshold staleness, corroborating R65's 10.8% precision from another direction. ITEM 3 RE-VERIFIED (not cited): zero importers of corpus_convergence, zero readers of register_exclusion.json outside it, zero cron/systemd. Obsoleted by the replacement: both register_exclusion JSONs entirely; _REGISTER_PATH, load_register_exclusion(), max_df_star(exclusion=). Reusable: recent_crystallized(), WINDOW, CLI scaffolding. GENIUS_FIDELITY_BASELINE Ss5 needs REWRITE not delete -- the failure mode is real and maxDF* does detect it. SEQUENCE: phase 0 wait to ~08-17 and run the (c) check (502/700 docs at a measured 80.3/day); if halves disagree >4pp the design FAILS on threshold instability and the recommendation is withdrawn. Phase 1 implement alongside, 14-day parallel. Phase 2 delete. Deletion is a later round regardless.
2026-08-15T07:50:00+0000	read_only	49e4fc3	1657	R67 pre-registration only, NO test run, no theta computed, nothing written/deleted. Locks the Aug 17-19 (c) stability re-run decision tree while the outcome is unknown. PRECONDITION: brief says >=700 docs; flagged a defect -- at 100 windows/half the FPR estimate steps by 1/100 = 1%, exactly the calibration target, so a single window flips theta and the test would measure quantisation noise and report it as instability. Recommend >=800 (150 windows/half). RESOLVED so neither choice improvises: at >=800 both outcomes conclusive; at 700-799 a PASS is conclusive (a fortiori, passing despite added noise) but a FAIL is NOT and must be re-run at >=800. Never below 700. Conditional on no fire-path change (resets the clean window). Corpus 502 now, 80.3/day measured over 6 full days -> 700 ~08-17, 800 ~08-18/19. BRANCH A (halves agree <=4pp) is NOT clear-to-implement: four gates -- A1 recalibrate theta on the full corpus, A2 recalibrated theta must be within 4pp of 22% else route to Branch B, A3 re-verify Gatwick fires at the NEW theta with 20% margin, A4 re-verify T_max >= 146 at the NEW theta. A3/A4 exist because theta is an input to both and neither direction is automatically safe. Pass all four -> phase 1 parallel run 14 days. BRANCH B (>4pp): B=200 dead. B=400 is NOT tested in the same round -- decided on arithmetic: its full-corpus calibration becomes adequate at 700+ but its disjoint-half STABILITY test needs 1200 docs, and stability is the question. B2 record direction (B=100 was 6pp; <6pp supports longer baselines, >=6pp falsifies the mechanism and skips to B4). B3 schedule B=400 at 1200 docs ~08-23/25 as its own pre-registered round. B4 STOPPING RULE: B=400 is the last candidate -- B=800 needs ~2000 docs ~25 days of single-regime corpus which NEX has never had; if B=400 fails, self-referencing excess is ABANDONED and maxDF* is not resurrected. Anti-tuning: grid stays {100,200,400,800}, 4.5pp is Branch B not "close enough", finer searches are pre-registered AS searches in a later round. TWO DISCLOSURE CORRECTIONS. (1) MECHANISM MISATTRIBUTED in R66: longer baseline is not less blind "because the ramp has less time to contaminate it" -- T_max = p(W+B)/(2theta) scales with (W+B), so a longer baseline reaches further back along the ramp to where the token was rarer. Verdict unchanged, reason was wrong. Live consequence: W and B enter symmetrically, so widening the current window buys exactly what widening the baseline buys (W 50->100 at B=200 gives T_max 232 vs 193) -- W was held fixed all series as a given and was actually a free parameter nobody costed; NOT changed now, scoped to the next design round. (2) GATWICK BASELINE WAS CONTAMINATED, measured: 100% of the trailing baseline inside the contamination window at B=100 and B=200, 60% at B=400; societal DF in baseline 2.0/3.5/1.8% against 34.0% in the current window. Every reported excess is UNDERSTATED; against a clean baseline it is 34.0%. This also explains the non-monotonic peak (32.0/30.5/32.2) -- not a property of B but of how much ramp each lookback absorbed. Margin rule: conservative measured figure retained as the bar (0.8x30.5=24.4 vs theta 22), true clean-baseline bar is 27.2, both disclosed. Ss5 blind-spot line drafted verbatim for the rewrite: a convergence ramping to peak over more than ~2.4 days is invisible at B=200; a quiet reading is evidence of no FAST convergence, not of no convergence.
2026-08-15T11:40:00+0000	read_only	0c1ca29	1657	R68 eligibility map, read-only survey, no fixes proposed, nothing written/edited. TEST PROTECTION CONFIRMED FIRST: clean corpus 525 docs; fire path unchanged since R57 (git log 2e7157e..HEAD over crystallizer/generator/competing_drives/groove empty) and working tree clean on all four; fountain alive. Schedule holds: 700 ~08-17 15:00Z, 800 ~08-18 20:00Z at a measured 80.3/day. Rulings made against a computed 50-module static import closure of the four fire-path files, not by inspection. ITEM 1 detectors.py CoOccurrenceDetector: ELIGIBLE as staged-inactive edit only, NO RESTART before the test. Note's line number stale -- extraction is at line 62 not ~49 (af104f5 census #13 fix pushed it down). Regex still grabs bare single capitalized words (line 62, entities=[entity]) so multi-word entities fragment -- that part stands. BUT the "discards surrounding context" clause is FALSE now: b0a4051 2026-07-08 "Carry source context through CoOccurrence entity extraction" added +/-40-char snippets, up to 3 per entity, emitted as payload["contexts"] at line 92. detectors.py NOT in the closure; no theory_x/signals module is; signal path writes NO fountain_insight beliefs (only reads precipitated_from_sense) so it cannot add rows to the clean corpus. Imported by run.py:603 at startup, so an edit is inert until restart -- the restart is the risk, not the edit. ITEM 2 source-attribution erosion: INELIGIBLE, PARKED until after the Aug 18 test. Consolidation path SHARES four closure modules with the fire path -- diversity/consolidation.py (ClockRunner) via generator.py:1468 -> diversity/loop.py:29, plus diversity/lineage.py, diversity/grader.py, diversity/dormancy.py, and stage_gate/coherence_gate.py; readiness.py also reads consolidation_active at line 78, a second coupling independent of the import graph. ALSO: the July note's mechanism is NOT REPRODUCED. Synergizer prompt ("In one sentence, what new insight do I notice?") structurally discards attribution and its output is unattributed, but of 346 pairs since 08-09, ZERO had an attributed input; only 17 (4.9%) drew a fountain_insight fresh belief while 338 (97.7%) paired anchor with another SYNERGIZED belief -- the closed loop the file's own comment warns about. Attributed fountain beliefs (~26% of the clean corpus carry this item/the item) essentially never enter the synthesis path, so this needs a ROOT-CAUSE round before a fix round even once unparked. ITEM 3 repo hygiene: ELIGIBLE, safe and corpus-neutral. 16 .bak* files dated 07-05..07-09, all untracked and gitignored (hence never shown by git status), including detectors.py.bak (pre-context-fix) and signal_to_problem.py.bak_singleword which corroborate item 1's history; rc2/ is 196MB untracked and a NESTED GIT REPO with its own .git. Clean: 0 __pycache__ tracked, largest tracked files legitimate.
